{
  "dataset": "Srinivasan_2014",
  "root": "D:\\AIUB\\DSP\\Code\\Datasets\\Srinivasan_2014\\Srinivasan_2014_CLEAN_SHAONLY",
  "classes": [
    "AMD",
    "DME",
    "NORMAL"
  ],
  "model": "deit_small_distilled_patch16_224",
  "peft": "Manual LoRA into qkv (frozen backbone)",
  "lora": {
    "r": 8,
    "alpha": 16,
    "dropout": 0.1,
    "merged_for_timing": true
  },
  "params": {
    "total": 21816198,
    "trainable": 149766,
    "trainable_pct": 0.6864899190958937
  },
  "storage": {
    "best_model_path": "runs\\Srinivasan_2014\\deit_small_lora_frozen_3c\\20251224-151655\\best_model.pth",
    "adapter_only_enabled": true,
    "adapter_only_bytes": 608249,
    "adapter_only_mb": 0.5800714492797852
  },
  "training": {
    "epochs_ran": 46,
    "best_val_loss": 0.3303019550043283,
    "best_val_macro_f1": 1.0,
    "total_train_time_sec": 164.6878571510315,
    "mean_epoch_time_sec": 3.2353533506393433,
    "peak_train_vram_gb": 1.746690273284912
  },
  "test_uncalibrated": {
    "acc": 0.9979381443298969,
    "macro_f1": 0.9976758796250903,
    "macro_auc": 1.0,
    "ece": 0.07776476107921798,
    "nll": 0.08880162239074707,
    "brier": 0.014248776783634164
  },
  "test_temp_scaled": {
    "enabled": true,
    "T": 0.27837154269218445,
    "ece": 0.002283274512930063,
    "nll": 0.018748478963971138,
    "brier": 0.004190062107729791
  },
  "inference_benchmark": {
    "latency_batch1": {
      "batch": 1,
      "mean_batch_ms": 12.245247333424535,
      "std_batch_ms": 2.5796743095723627,
      "ms_per_img": 12.245247333424535,
      "imgs_per_s": 81.66433660105889,
      "peak_vram_gb": 0.10141801834106445
    },
    "throughput_batchN": {
      "batch": 64,
      "mean_batch_ms": 25.28860999996444,
      "std_batch_ms": 0.3694822090504663,
      "ms_per_img": 0.39513453124944437,
      "imgs_per_s": 2530.78362156283,
      "peak_vram_gb": 0.2886619567871094
    }
  }
}