{
  "dataset": "NEH_UT_2021",
  "root": "D:\\AIUB\\DSP\\Code\\Datasets\\NEH_UT_2021RetinalOCTDataset\\NEH_UT_2021RetinalOCTDataset_V2_CLEAN_SHAONLY",
  "classes": [
    "CNV",
    "DRUSEN",
    "NORMAL"
  ],
  "model": "resnet50",
  "method": "ResNet-50 Full Fine-Tuning (unfrozen)",
  "optimizer": {
    "name": "AdamW",
    "lr": 0.0005,
    "weight_decay": 0.0001
  },
  "params": {
    "total": 23514179,
    "trainable": 23514179,
    "trainable_pct": 100.0
  },
  "training": {
    "epochs_ran": 26,
    "best_val_loss": 0.5318829154479847,
    "best_val_macro_f1": 0.9130305045495017,
    "total_train_time_sec": 745.1660716533661,
    "mean_epoch_time_sec": 26.49585317648374,
    "peak_train_vram_gb": 3.5519204139709473
  },
  "test_uncalibrated": {
    "acc": 0.912405866032501,
    "macro_f1": 0.9058766447537633,
    "macro_auc": 0.972439398183393,
    "ece": 0.08297449239321847,
    "nll": 0.3092833161354065,
    "brier": 0.14701945635034688
  },
  "test_temp_scaled": {
    "enabled": true,
    "T": 0.6572991609573364,
    "ece": 0.013048947412628433,
    "nll": 0.27181270718574524,
    "brier": 0.1365842666062193
  },
  "inference_benchmark": {
    "latency_batch1": {
      "batch": 1,
      "mean_batch_ms": 12.020161333396876,
      "std_batch_ms": 0.835315529398082,
      "ms_per_img": 12.020161333396876,
      "imgs_per_s": 83.19355891019491,
      "peak_vram_gb": 0.24475812911987305
    },
    "throughput_batchN": {
      "batch": 64,
      "mean_batch_ms": 44.25906799997998,
      "std_batch_ms": 0.4724487175086927,
      "ms_per_img": 0.6915479374996872,
      "imgs_per_s": 1446.03135339472,
      "peak_vram_gb": 0.599266529083252
    }
  }
}