{
  "dataset": "OCT2017",
  "root": "D:\\AIUB\\DSP\\Code\\Datasets\\ZhangLabData\\OCT2017_CLEAN_SHAONLY",
  "classes": [
    "CNV",
    "DME",
    "DRUSEN",
    "NORMAL"
  ],
  "model": "deit_small_distilled_patch16_224",
  "method": "DeiT-Small Full Fine-Tuning (unfrozen)",
  "optimizer": {
    "name": "AdamW",
    "lr": 0.0005,
    "weight_decay": 0.0001
  },
  "params": {
    "total": 21669512,
    "trainable": 21669512,
    "trainable_pct": 100.0
  },
  "training": {
    "epochs_ran": 13,
    "best_val_loss": 0.5279605643817792,
    "best_val_macro_f1": 0.9264796237329285,
    "total_train_time_sec": 1945.991593837738,
    "mean_epoch_time_sec": 144.74510761407706,
    "peak_train_vram_gb": 2.449817657470703
  },
  "test_uncalibrated": {
    "acc": 0.927,
    "macro_f1": 0.9272389910813824,
    "macro_auc": 0.9954173333333334,
    "ece": 0.09179489850997927,
    "nll": 0.27557188272476196,
    "brier": 0.12288703825930915
  },
  "test_temp_scaled": {
    "enabled": true,
    "T": 0.6168076992034912,
    "ece": 0.019852457344532053,
    "nll": 0.21662704646587372,
    "brier": 0.11478641254322343
  },
  "inference_benchmark": {
    "latency_batch1": {
      "batch": 1,
      "mean_batch_ms": 11.981651333044283,
      "std_batch_ms": 0.745209888439122,
      "ms_per_img": 11.981651333044283,
      "imgs_per_s": 83.46094976425267,
      "peak_vram_gb": 0.22959566116333008
    },
    "throughput_batchN": {
      "batch": 64,
      "mean_batch_ms": 24.9091053341787,
      "std_batch_ms": 0.3258907928073173,
      "ms_per_img": 0.3892047708465422,
      "imgs_per_s": 2569.3415777636637,
      "peak_vram_gb": 0.41719627380371094
    }
  }
}