{
  "dataset": "C8",
  "root": "D:\\AIUB\\DSP\\Code\\Datasets\\C8\\RetinalOCT_Dataset_CLEAN_SHAONLY",
  "classes": [
    "AMD",
    "CNV",
    "CSR",
    "DME",
    "DR",
    "DRUSEN",
    "MH",
    "NORMAL"
  ],
  "model": "deit_small_distilled_patch16_224",
  "method": "DeiT-Small Head-only (Linear Probe) (backbone frozen)",
  "optimizer": {
    "name": "AdamW",
    "lr": 0.0005,
    "weight_decay": 0.0001
  },
  "params": {
    "total": 21672592,
    "trainable": 6160,
    "trainable_pct": 0.028422996197224586
  },
  "training": {
    "epochs_ran": 62,
    "best_val_loss": 0.7335927132163643,
    "best_val_macro_f1": 0.9090637800077472,
    "total_train_time_sec": 784.9087426662445,
    "mean_epoch_time_sec": 11.225584976134762,
    "peak_train_vram_gb": 0.2890801429748535
  },
  "test_uncalibrated": {
    "acc": 0.9063282087951376,
    "macro_f1": 0.9068106674731651,
    "macro_auc": 0.9920337488375841,
    "ece": 0.11722869705974863,
    "nll": 0.3513166606426239,
    "brier": 0.1631458387916102
  },
  "test_temp_scaled": {
    "enabled": true,
    "T": 0.5606464743614197,
    "ece": 0.007458617240137246,
    "nll": 0.2631828486919403,
    "brier": 0.1391319215578256
  },
  "inference_benchmark": {
    "latency_batch1": {
      "batch": 1,
      "mean_batch_ms": 11.585649999906309,
      "std_batch_ms": 0.45851992989682655,
      "ms_per_img": 11.585649999906309,
      "imgs_per_s": 86.31367251799311,
      "peak_vram_gb": 0.10146665573120117
    },
    "throughput_batchN": {
      "batch": 64,
      "mean_batch_ms": 24.915331333662227,
      "std_batch_ms": 0.2906767286093933,
      "ms_per_img": 0.3893020520884723,
      "imgs_per_s": 2568.6995345525206,
      "peak_vram_gb": 0.2883749008178711
    }
  }
}