{
  "dataset": "NEH_UT_2021",
  "root": "D:\\AIUB\\DSP\\Code\\Datasets\\NEH_UT_2021RetinalOCTDataset\\NEH_UT_2021RetinalOCTDataset_V2_CLEAN_SHAONLY",
  "classes": [
    "CNV",
    "DRUSEN",
    "NORMAL"
  ],
  "model": "deit_small_distilled_patch16_224",
  "method": "DeiT-Small Head-only (Linear Probe) (backbone frozen)",
  "optimizer": {
    "name": "AdamW",
    "lr": 0.0005,
    "weight_decay": 0.0001
  },
  "params": {
    "total": 21668742,
    "trainable": 2310,
    "trainable_pct": 0.010660517347984485
  },
  "training": {
    "epochs_ran": 46,
    "best_val_loss": 0.7058619536651646,
    "best_val_macro_f1": 0.7992485563710158,
    "total_train_time_sec": 383.9579265117645,
    "mean_epoch_time_sec": 6.999316085939822,
    "peak_train_vram_gb": 0.2890458106994629
  },
  "test_uncalibrated": {
    "acc": 0.7915180340864051,
    "macro_f1": 0.7693876288617038,
    "macro_auc": 0.9076502117416175,
    "ece": 0.089913375572321,
    "nll": 0.5549082159996033,
    "brier": 0.31574598497636885
  },
  "test_temp_scaled": {
    "enabled": true,
    "T": 0.6104378700256348,
    "ece": 0.021092797195065623,
    "nll": 0.5276923179626465,
    "brier": 0.30020743065327776
  },
  "inference_benchmark": {
    "latency_batch1": {
      "batch": 1,
      "mean_batch_ms": 11.735918666333115,
      "std_batch_ms": 0.9625174945215726,
      "ms_per_img": 11.735918666333115,
      "imgs_per_s": 85.20849781182488,
      "peak_vram_gb": 0.10133552551269531
    },
    "throughput_batchN": {
      "batch": 64,
      "mean_batch_ms": 24.98123066625946,
      "std_batch_ms": 0.328152526183663,
      "ms_per_img": 0.39033172916030406,
      "imgs_per_s": 2561.923423830383,
      "peak_vram_gb": 0.28824377059936523
    }
  }
}