{
  "dataset": "THOCT",
  "root": "D:\\AIUB\\DSP\\Code\\Datasets\\THOCT1800\\THOCT1800_CLEAN_SHAONLY",
  "classes": [
    "AMD",
    "DME",
    "NOR"
  ],
  "model": "deit_base_distilled_patch16_224",
  "peft": "Manual LoRA into qkv (frozen backbone)",
  "lora": {
    "r": 8,
    "alpha": 1,
    "dropout": 0.1,
    "merged_for_timing": true
  },
  "params": {
    "total": 86099718,
    "trainable": 299526,
    "trainable_pct": 0.3478826725077079
  },
  "storage": {
    "best_model_path": "runs\\THOCT\\deit_base_lora_frozen_3c\\20251225-001106\\best_model.pth",
    "adapter_only_enabled": true,
    "adapter_only_bytes": 1207289,
    "adapter_only_mb": 1.1513605117797852
  },
  "training": {
    "epochs_ran": 76,
    "best_val_loss": 0.32295759411958547,
    "best_val_macro_f1": 0.9962119989238634,
    "total_train_time_sec": 366.5293152332306,
    "mean_epoch_time_sec": 4.217139146829906,
    "peak_train_vram_gb": 3.6407227516174316
  },
  "test_uncalibrated": {
    "acc": 0.9884615384615385,
    "macro_f1": 0.9884331227225621,
    "macro_auc": 0.9998670918684599,
    "ece": 0.08893297601204653,
    "nll": 0.10066940635442734,
    "brier": 0.02722012837156594
  },
  "test_temp_scaled": {
    "enabled": true,
    "T": 0.4392549395561218,
    "ece": 0.0167724595620082,
    "nll": 0.022184748202562332,
    "brier": 0.011782640719714991
  },
  "inference_benchmark": {
    "latency_batch1": {
      "batch": 1,
      "mean_batch_ms": 11.18505599971589,
      "std_batch_ms": 0.6158239319160957,
      "ms_per_img": 11.18505599971589,
      "imgs_per_s": 89.40500611042097,
      "peak_vram_gb": 0.34673261642456055
    },
    "throughput_batchN": {
      "batch": 64,
      "mean_batch_ms": 74.43113333327346,
      "std_batch_ms": 0.6447004922770296,
      "ms_per_img": 1.1629864583323979,
      "imgs_per_s": 859.8552397883432,
      "peak_vram_gb": 0.6727614402770996
    }
  }
}