{
  "dataset": "Srinivasan_2014",
  "root": "D:\\AIUB\\DSP\\Code\\Datasets\\Srinivasan_2014\\Srinivasan_2014_CLEAN_SHAONLY",
  "classes": [
    "AMD",
    "DME",
    "NORMAL"
  ],
  "model": "deit_small_distilled_patch16_224",
  "method": "DeiT-Small Full Fine-Tuning (unfrozen)",
  "optimizer": {
    "name": "AdamW",
    "lr": 0.0005,
    "weight_decay": 0.0001
  },
  "params": {
    "total": 21668742,
    "trainable": 21668742,
    "trainable_pct": 100.0
  },
  "training": {
    "epochs_ran": 28,
    "best_val_loss": 0.3374068759151341,
    "best_val_macro_f1": 1.0,
    "total_train_time_sec": 112.55736517906189,
    "mean_epoch_time_sec": 3.747291147708893,
    "peak_train_vram_gb": 2.450664520263672
  },
  "test_uncalibrated": {
    "acc": 0.9979381443298969,
    "macro_f1": 0.9981988067094449,
    "macro_auc": 1.0,
    "ece": 0.07023747139370319,
    "nll": 0.07384956628084183,
    "brier": 0.009641482365013792
  },
  "test_temp_scaled": {
    "enabled": true,
    "T": 0.21131360530853271,
    "ece": 0.0014924450018971237,
    "nll": 0.002637463854625821,
    "brier": 0.002142443874512197
  },
  "inference_benchmark": {
    "latency_batch1": {
      "batch": 1,
      "mean_batch_ms": 12.592859999616243,
      "std_batch_ms": 2.095949301383491,
      "ms_per_img": 12.592859999616243,
      "imgs_per_s": 79.41007841193138,
      "peak_vram_gb": 0.22959470748901367
    },
    "throughput_batchN": {
      "batch": 64,
      "mean_batch_ms": 25.696900000039022,
      "std_batch_ms": 0.5668913421553369,
      "ms_per_img": 0.4015140625006097,
      "imgs_per_s": 2490.572792823368,
      "peak_vram_gb": 0.41887950897216797
    }
  }
}