{
  "dataset": "THOCT",
  "root": "D:\\AIUB\\DSP\\Code\\Datasets\\THOCT1800\\THOCT1800_CLEAN_SHAONLY",
  "classes": [
    "AMD",
    "DME",
    "NOR"
  ],
  "model": "deit_small_distilled_patch16_224",
  "peft": "Manual LoRA into qkv + full fine-tuning (unfrozen backbone)",
  "lora": {
    "r": 8,
    "alpha": 16,
    "dropout": 0.1,
    "freeze_backbone": false,
    "backbone_lr_mult": 0.1,
    "merged_for_timing": true
  },
  "params": {
    "total": 21816198,
    "trainable": 21816198,
    "trainable_pct": 100.0
  },
  "storage": {
    "best_model_path": "runs\\THOCT\\deit_small_lora_unfrozen_3c\\20251224-163451\\best_model.pth",
    "adapter_only_enabled": true,
    "adapter_only_bytes": 608249,
    "adapter_only_mb": 0.5800714492797852
  },
  "training": {
    "epochs_ran": 23,
    "best_val_loss": 0.29382179792110735,
    "best_val_macro_f1": 1.0,
    "total_train_time_sec": 57.574519872665405,
    "mean_epoch_time_sec": 2.2660689250282617,
    "peak_train_vram_gb": 2.623291015625
  },
  "test_uncalibrated": {
    "acc": 0.9923076923076923,
    "macro_f1": 0.992334972719588,
    "macro_auc": 0.9997129340108136,
    "ece": 0.06816898102943714,
    "nll": 0.09431479126214981,
    "brier": 0.02051186066145953
  },
  "test_temp_scaled": {
    "enabled": true,
    "T": 0.2784145772457123,
    "ece": 0.007642895441788866,
    "nll": 0.06502744555473328,
    "brier": 0.015359013319883423
  },
  "inference_benchmark": {
    "latency_batch1": {
      "batch": 1,
      "mean_batch_ms": 14.754599999966254,
      "std_batch_ms": 3.347076473875876,
      "ms_per_img": 14.754599999966254,
      "imgs_per_s": 67.77547341183678,
      "peak_vram_gb": 0.24333477020263672
    },
    "throughput_batchN": {
      "batch": 64,
      "mean_batch_ms": 25.164845333250316,
      "std_batch_ms": 0.43447512602472443,
      "ms_per_img": 0.3932007083320362,
      "imgs_per_s": 2543.2304133988373,
      "peak_vram_gb": 0.43010759353637695
    }
  }
}