{
  "dataset": "THOCT",
  "root": "D:\\AIUB\\DSP\\Code\\Datasets\\THOCT1800\\THOCT1800_CLEAN_SHAONLY",
  "classes": [
    "AMD",
    "DME",
    "NOR"
  ],
  "model": "resnet50",
  "method": "ResNet-50 Full Fine-Tuning (unfrozen)",
  "optimizer": {
    "name": "AdamW",
    "lr": 0.0005,
    "weight_decay": 0.0001
  },
  "params": {
    "total": 23514179,
    "trainable": 23514179,
    "trainable_pct": 100.0
  },
  "training": {
    "epochs_ran": 32,
    "best_val_loss": 0.29352668432088996,
    "best_val_macro_f1": 1.0,
    "total_train_time_sec": 103.31441807746887,
    "mean_epoch_time_sec": 2.9418552964925766,
    "peak_train_vram_gb": 4.090057373046875
  },
  "test_uncalibrated": {
    "acc": 0.9961538461538462,
    "macro_f1": 0.9961904761904762,
    "macro_auc": 0.9999779774489076,
    "ece": 0.06928500212155855,
    "nll": 0.0779867172241211,
    "brier": 0.014830380250619961
  },
  "test_temp_scaled": {
    "enabled": true,
    "T": 0.2851393520832062,
    "ece": 0.005227574935326195,
    "nll": 0.02497437410056591,
    "brier": 0.00804290468111968
  },
  "inference_benchmark": {
    "latency_batch1": {
      "batch": 1,
      "mean_batch_ms": 12.251052000089354,
      "std_batch_ms": 0.8144386367352194,
      "ms_per_img": 12.251052000089354,
      "imgs_per_s": 81.6256432502863,
      "peak_vram_gb": 0.25043773651123047
    },
    "throughput_batchN": {
      "batch": 64,
      "mean_batch_ms": 44.998446666625874,
      "std_batch_ms": 0.4332633300855966,
      "ms_per_img": 0.7031007291660293,
      "imgs_per_s": 1422.271316922303,
      "peak_vram_gb": 0.6050453186035156
    }
  }
}