,precision,recall,f1-score,support
AMD,0.9883720930232558,1.0,0.9941520467836257,85.0
DME,0.9886363636363636,0.9886363636363636,0.9886363636363636,88.0
NOR,1.0,0.9885057471264368,0.9942196531791907,87.0
accuracy,0.9923076923076923,0.9923076923076923,0.9923076923076923,0.9923076923076923
macro avg,0.9923361522198731,0.9923807035876001,0.9923360211997266,260.0
weighted avg,0.9923524150268336,0.9923076923076923,0.9923078223199914,260.0
